sequence_id,sequence,associative_framework_label,norm_rg,norm_re,epsilon_mf,epsilon_cf,asphericity,fraction_aliphatic,hydrophobicity,FCR,TabPFN,LogisticRegression,RandomForestClassifier,SVC,MLPClassifier
HBpep,GHGVYGHGVYGHGPYGHGPYGHGLYW,Positive,0.998593008072042,0.862838466455893,-4.820097749252417,-9.075661134042448,0.31042373,0.1153846153846153,3.792307692307692,0.0,0.80288965,0.7861658153424934,0.81,0.6271266795803699,0.9999993763577284
RL6,NNYYVPPSNNYVPPSNNYVPPSNNYVPPSNNYVPPS,Positive,1.2112978960373622,1.0794809112556003,-3.667677955507859,-0.0838623664697113,0.43985122,0.1388888888888889,3.338888888888889,0.0,0.9632522,0.7564244819709299,0.91,0.8046246688813288,0.9999990897388286
RL7,WNAAPANQWNAAPAPSWNAAPANHWNAAPA,Positive,0.9963134917787512,0.9709629588231796,-3.960994650358887,-0.6383327627502595,0.40994602,0.4,3.883333333333333,0.0,0.4247875,0.6534838801583347,0.74,0.8168934119750859,0.984449868286593
IDR1,PMPPYAQPPYPGAPYPQPPFQPSPY,Positive,1.232159126436137,1.4133427394612508,-3.20485341152124,-1.5197494089980346,0.44721383,0.12,3.388,0.0,0.9878946,0.7590926290328444,0.94,0.7570787579110493,0.9999931948301218
IDR1-Q,PQPPYQQPPYQGQPYPQPPFQPQPY,Positive,1.2153275215752728,1.3681158051001756,-4.914709303401776,-2.049945757935273,0.44484925,0.0,2.564,0.0,0.99708533,0.9544203949212476,0.99,0.9342772989267591,0.999999986957642
IDR3,GGYPAYPGYPQPGY,Positive,1.0829168705434689,1.1343832463016523,-2.5248886945021867,-4.270187222144893,0.4218542,0.0714285714285714,3.435714285714286,0.0,0.8687723,0.5114780762965392,0.89,0.4372058475936167,0.9656007507247908
C8-1,VPSSGYPGAGGYPAPGGYPAPGGY,Positive,1.0679167422769993,1.1082292460276753,-1.429382625738544,-2.949692902087868,0.43334448,0.1666666666666666,4.083333333333333,0.0,0.32983953,0.2106940658217047,0.67,0.2104948338628239,0.8903652696290784
C17/18-HQ,NSTPLYGHGSYGQGPYGQLPSF,Positive,1.0151024613258366,1.0476203037440186,-2.3412138999130643,-5.122927276328749,0.41830543,0.0909090909090909,3.722727272727273,0.0,0.48637784,0.3879239283627878,0.75,0.3200867089384048,0.9433178431880552
IDR1-S,PSPPYSSPPYSGSPYPSPPFSPSPY,Positive,1.1752145892941237,1.3087614780667776,-2.133931396533269,-2.289814450847972,0.41454545,0.0,3.428,0.0,0.9752939,0.5179160725560176,0.94,0.4677321875534276,0.9998028866342435
IDR1-T,PTPPYTTPPYTGTPYPTPPFTPTPY,Positive,1.2183599378233307,1.3684711476023652,-1.6121503878690555,-1.233734410803919,0.41865972,0.0,3.46,0.0,0.98338795,0.4336666976908774,0.94,0.3792094677803769,0.9999092148231986
New IDR1,QNPPGWQTPPGWQTPPGWQGPPDW,Positive,1.1495698101217575,1.1782248484513815,-4.072933608905207,-2.066994574934389,0.4369894,0.0,2.8166666666666664,0.0416666666666666,0.97314084,0.8661934288079167,0.96,0.8788340480045508,0.9999956486266494
IDR10-P,YPTATPPGYPPGSPPSFPTGTPPGY,Positive,1.2870348024586655,1.40168461678615,-1.0895217482954576,-1.249787213906222,0.47066954,0.04,3.648,0.0,0.97293514,0.325157655118006,0.9,0.2590823477375818,0.9992989706038308
M1,GQQQPFPPQQPYPQPQPFPSQQPYLQLQPF,Positive,1.185612592413802,1.2641608964698805,-4.625373583392943,-2.194572175950862,0.43483216,0.0666666666666666,3.0900000000000003,0.0,0.9951314,0.9099152280225984,0.97,0.912214266155724,0.9999994011856445
M2,PAQPGYPPQPGYPPQHGYPPQHGYPQQPGY,Positive,1.209794396618005,1.314521504495847,-4.995203968120201,-3.1853582382530465,0.4296913,0.0333333333333333,2.7766666666666664,0.0,0.99732345,0.947293214628433,0.99,0.9226219379532016,0.9999986850229462
M3,GAQGQYPPPQGYPPQGYPPQGYPPQGY,Positive,1.2584379792313736,1.3926156150997238,-3.9404499472495713,-3.9390365246686407,0.49474612,0.037037037037037,2.925925925925926,0.0,0.99629676,0.8852132439081778,0.99,0.8151314628475002,0.9999731519624931
M4,QQPQPYPQQPFPPQQPFPQQPPF,Positive,1.2851899027126654,1.3378841241540893,-4.33233069772224,-0.0616970288632252,0.5268964,0.0,2.7434782608695647,0.0,0.9962873,0.9240527163058444,1.0,0.8886294648955245,0.9999999992549028
M6,VPGPRFPPPNFPGPRFPPPNFPGPRF,Positive,1.3362214586020944,1.4461556377988631,-3.588042615291755,-3.1188366865452046,0.50221175,0.0384615384615384,3.626923076923077,0.1153846153846153,0.98838603,0.8105592023457595,0.92,0.7651897808475852,0.9990819171751044
M7,QPQQTFQPQQPFQQPFQQPF,Positive,1.154715649971103,1.1264310291323971,-4.128460450601216,-0.810020582591731,0.49282902,0.0,2.875,0.0,0.9750897,0.865292112249932,0.99,0.8814821473204584,0.9999999342245576
M8,GQQGGFVQPQGFQPQGGFQPQGFQPQGFQPQAF,Positive,1.0686713545214794,1.084664362029245,-4.702759726439799,-3.741493124249157,0.4114314,0.0606060606060606,3.578787878787878,0.0,0.9631167,0.8537901999714269,0.95,0.8657931170495645,0.9692446356600976
M9,PQQQQYQQPSYAQHGGYQGGYQPPY,Positive,1.0231772221256414,0.9456671430201924,-4.834011540775352,-4.340381773677384,0.37394908,0.04,2.572,0.0,0.89587283,0.9013834949480412,0.82,0.8788715999152105,0.99656942460263
RL1,QSHGHEAQSHGHEAQSHGHQVQSHGHQEQSHGH,Negative,1.0156074327922329,1.024080805335973,-1.3856409917715462,4.8751386049795045,0.41895822,0.0909090909090909,2.524242424242424,0.0909090909090909,0.058091104,0.363801180268083,0.15,0.1754306654606823,1.0580775194949856e-05
RL8,VHSAPVVHSAPVVHSAPVVHSAPVVHSAPV,Negative,1.1396390030787968,1.2257095137500056,-0.0416961244937441,6.6723803720062085,0.4641093,0.5,5.266666666666667,0.0,0.024370223,0.0480408961231947,0.07,0.1526989268062945,1.693858360796334e-15
RL4,GSGGGSGGSSGGSSGGSDGSY,Negative,0.9339015988923116,0.9570798394692402,-0.5262226733496496,-1.8910031613242264,0.41311106,0.0,3.7571428571428567,0.0476190476190476,0.02680503,0.1045305157143113,0.13,0.1355382717950108,0.0035600133590628
IDR2,GSSSFGGSYGGIFGGGSFGGGSF,Negative,0.919651076210557,0.9297042813471732,-2.4092920774903472,-7.237993025022774,0.40405566,0.0434782608695652,4.726086956521739,0.0,0.07551324,0.2342351061383962,0.12,0.2415140345299582,0.010753844346864
IDR11,WHDEDDEAFDESPELKY,Negative,0.9955843088832056,1.0698652023332125,2.488853392633825,6.369850511847714,0.4428854,0.1176470588235294,2.658823529411765,0.5294117647058824,0.0040938878,0.016840614791934,0.05,0.1458578695961758,8.790506987750396e-19
IDR12,FTVNSMSGFGMNRNQAF,Negative,0.951140603887506,0.9739215190915052,-1.213113502651814,-2.398272663358973,0.43862778,0.2352941176470588,4.3,0.0588235294117647,0.007983586,0.1255199212214033,0.02,0.1762439174622075,0.0001712149307441
C1-1,IDHNPFAKGFRDNYDTIYTGCD,Negative,1.0222821073829345,1.086465920828236,-0.6822219449177531,-0.4505120118800256,0.4320174,0.1363636363636363,3.586363636363636,0.2727272727272727,0.0136171235,0.1401586549371155,0.03,0.1924616657609846,4.109526431922314e-06
C17/18-1,NSTLLYRRSSYRQKPYQQLESF,Negative,1.049327937323813,1.0485045306136749,-1.7635792297090958,-4.798979638996167,0.44619134,0.1363636363636363,3.1318181818181823,0.2272727272727273,0.06361385,0.3322737996560309,0.01,0.2574108923541889,0.0037516723230736
C14-2,QPQKMYPGEKAYECAKFEKIF,Negative,1.0479319264809004,1.108184320797958,-0.1604674295491062,1.98241169112109,0.46311378,0.1904761904761904,3.4904761904761905,0.3333333333333333,0.008703155,0.1020936183105442,0.04,0.1524178568444984,9.623898515676522e-10
C11-2,DPKICYVCKKSFKSSYSVKLHY,Negative,1.046932187374238,1.1173964995535346,1.0328173667632163,0.0862766508262797,0.42671487,0.1818181818181818,4.027272727272727,0.2727272727272727,0.009096134,0.0299084707874135,0.08,0.0795090849444651,2.642692105432656e-11
C2-1,TQNGVYSAANYTNGSFG,Negative,0.9255602787478676,0.9656204045656388,-1.014475768782474,-1.4685127242505225,0.42304584,0.1764705882352941,3.9,0.0,0.021817291,0.1343503732759714,0.07,0.1962159239353506,0.0023973163796911
C4-1,PLSSLFSLPTFSLLNWISSW,Negative,1.0196169272274245,1.0655304192232706,-1.1282854809791412,-5.7332967524837,0.44183904,0.3,5.255,0.0,0.02224693,0.0822180184087957,0.07,0.0948676487720244,2.933556154306516e-07
C5-1,APGPLWPLPWGALAWAVG,Negative,1.0468999987701135,1.1589045534909312,-1.7240787421545296,-3.973601884676616,0.48281837,0.4444444444444444,5.194444444444444,0.0,0.037359804,0.1456700929356453,0.05,0.1649777108873973,0.0002162689619704
Pep6-S,SMSSYAQSSYSGASYSQSSFQSSSY,Negative,0.95353254508955,0.941585714971054,-1.2093184305772129,-3.4956516310321053,0.39146924,0.12,3.772,0.0,0.05552136,0.163051709946243,0.05,0.1685219977825442,0.022813626000529
Pep6-A,AMAAYAQAAYAGAAYAQAAFQASAY,Negative,0.9353099672057744,0.9356353720433888,-1.9702004135311224,-5.142661773069825,0.39133215,0.6000000000000001,5.02,0.0,0.017924435,0.1256144911726715,0.02,0.1685220306554778,3.852668629306423e-08
C2-2,QNLYNNPFNSMSYTSPY,Negative,1.029796580700274,1.012138756696766,-2.3163437992064555,-3.6728947200661306,0.3830134,0.1176470588235294,3.3705882352941177,0.0,0.4097231,0.4214331921756323,0.13,0.4148228423107197,0.1326018286340047
C3-1,TSLQFIGSPYSLPYAVPPNF,Negative,1.1411856547042942,1.164667470521713,-1.2141334055723356,-2.8346123609148943,0.4782115,0.25,4.71,0.0,0.14624032,0.1482072489996508,0.1,0.1570514492763466,0.0161936859738769
C20-1,ANVHSWRRTYPCHYCNKVFALAEYRTRHE,Negative,1.0365164959179909,1.0477497638839346,-2.3306410266601274,-3.2864990433206565,0.43166804,0.2068965517241379,3.510344827586206,0.2413793103448275,0.05408586,0.3881193437284418,0.09,0.4251406312860741,0.000378414423976
C5-2,PLQQAYAVGQQYAGPAAYPAAY,Negative,1.0075801491406635,1.0047611931585918,-1.7212532623448733,-1.0059492246431638,0.4115401,0.4090909090909091,4.309090909090909,0.0,0.04326173,0.1867150936633156,0.06,0.311632232965488,1.0589474357928888e-05
New IDR3,NIQSWSNHSWNTQTWCTQSWNNQAW,Negative,0.8859294934015685,0.6619236368093984,-4.891280831964075,-4.341413238458339,0.3134382,0.08,3.0720000000000005,0.0,0.23702042,0.8150124144670233,0.22,0.8606547269037043,0.0075864628231795
New IDR2,QNPVIWPNPIVWPGPVVWPNPLAW,Negative,1.138140125300034,1.1931938219098617,-3.367726229067334,-2.132185982334996,0.45648265,0.3333333333333333,4.591666666666667,0.0,0.470156,0.5395750848092282,0.19,0.6641007262433082,0.0299493762895581
New IDR5,NNHGNFQGDSNFNRMWQPEWG,Negative,0.9656081652881416,0.917280251891768,-3.8033691289184017,-3.316774883063779,0.41216117,0.0476190476190476,2.7333333333333334,0.1428571428571428,0.14949141,0.7534005103535756,0.2,0.8053076133707873,0.0202879440000733
C3-2,SPTATFQTGYGMGVPYPGSDY,Negative,1.0422490392642836,1.069313491968101,-0.911572169131539,-2.0044446108128167,0.42036828,0.1428571428571428,4.0095238095238095,0.0476190476190476,0.06841498,0.1428558073598789,0.02,0.168419520351665,0.0121931517415555
C6-1,TAAASYPMSYGQGGSYGQGY,Negative,0.959512659682286,0.986345849859298,-1.5594651712565075,-4.100504302727094,0.3676577,0.2,3.92,0.0,0.06305724,0.1972446082139325,0.03,0.1927655563009709,0.0035049587814704
