sequence_id,sequence,solubility_label,fraction_aliphatic,hydrophobicity,pI,fraction_aromatic,rg,TabPFN,LogisticRegression,RandomForestClassifier,SVC,MLPClassifier
HBpep,GHGVYGHGVYGHGPYGHGPYGHGLYW,1,0.1153846153846153,3.792307692307692,7.15087947845459,0.2307692307692307,12.462006151799564,0.7336982,0.7165651577632248,0.92,0.7296977958091688,0.9278844010436882
RL6,NNYYVPPSNNYVPPSNNYVPPSNNYVPPSNNYVPPS,1,0.1388888888888889,3.338888888888889,5.520850944519042,0.1666666666666666,18.21339607238769,0.98132396,0.992915484977511,1.0,0.8998294620172649,0.9998793935198113
RL7,WNAAPANQWNAAPAPSWNAAPANHWNAAPA,1,0.4,3.883333333333333,6.741127204895021,0.1333333333333333,13.837326266665652,0.6436701,0.8207050163976357,0.8,0.7887585939104653,0.8868641047772613
IDR1,PMPPYAQPPYPGAPYPQPPFQPSPY,1,0.12,3.388,5.935832405090332,0.2,15.430470705032349,0.94938785,0.9584085503798196,0.97,0.8601729559230653,0.9983244012541228
IDR1-Q,PQPPYQQPPYQGQPYPQPPFQPQPY,1,0.0,2.564,5.935832405090332,0.2,15.152243375778198,0.986215,0.9822016386595758,0.99,0.8871347593295488,0.9999689078077436
IDR3,GGYPAYPGYPQPGY,1,0.0714285714285714,3.435714285714286,5.52221508026123,0.2857142857142857,10.010060921130142,0.46784768,0.3647749036005933,0.7,0.4638433174189805,0.6365935101440928
C8-1,VPSSGYPGAGGYPAPGGYPAPGGY,1,0.1666666666666666,4.083333333333333,5.492545127868652,0.1666666666666666,12.91366630587232,0.6478171,0.6301575604755631,0.88,0.6527240928834135,0.8654379177010121
C17/18-HQ,NSTPLYGHGSYGQGPYGQLPSF,1,0.0909090909090909,3.722727272727273,6.738285255432129,0.1818181818181818,11.754709920162314,0.6924407,0.618543531869875,0.93,0.6605702343360945,0.9928011760696576
IDR1-S,PSPPYSSPPYSGSPYPSPPFSPSPY,1,0.0,3.428,5.935832405090332,0.2,14.705772399902344,0.9694865,0.93509317099433,1.0,0.8341686541984666,0.9998548718152606
IDR1-T,PTPPYTTPPYTGTPYPTPPFTPTPY,1,0.0,3.46,5.935832405090332,0.2,15.122814178466797,0.9758603,0.9480075087472816,1.0,0.8478784896611719,0.99989966256608
New IDR1,QNPPGWQTPPGWQTPPGWQGPPDW,1,0.0,2.8166666666666664,4.0500284194946286,0.1666666666666666,13.934939559016016,0.9619583,0.9269448202641049,0.93,0.76255193979055,0.9929130915179478
IDR10-P,YPTATPPGYPPGSPPSFPTGTPPGY,1,0.04,3.648,5.522897148132324,0.16,15.938827991485596,0.975799,0.9576175418309756,1.0,0.8520410783717852,0.9999031916944484
M1,GQQQPFPPQQPYPQPQPFPSQQPYLQLQPF,1,0.0666666666666666,3.0900000000000003,5.523579216003417,0.1666666666666666,16.189257195883513,0.9839142,0.9810553404478608,1.0,0.8815589967111523,0.9999069874265196
M2,PAQPGYPPQPGYPPQHGYPPQHGYPQQPGY,1,0.0333333333333333,2.7766666666666664,7.303719520568848,0.1666666666666666,16.42138253350647,0.9927966,0.9921645921316518,1.0,0.9244145933599716,0.999999647045331
M3,GAQGQYPPPQGYPPQGYPPQGYPPQGY,1,0.037037037037037,2.925925925925926,5.521533012390136,0.1851851851851851,16.168114568586134,0.9875384,0.9843841787499704,1.0,0.8871468977308983,0.9999206698332156
M4,QQPQPYPQQPFPPQQPFPQQPPF,1,0.0,2.7434782608695647,5.524318122863768,0.1739130434782608,15.388733070623354,0.9878342,0.979596681841715,0.99,0.876652303295807,0.9999658241911266
M6,VPGPRFPPPNFPGPRFPPPNFPGPRF,1,0.0384615384615384,3.626923076923077,11.999967765808105,0.1923076923076923,16.948809589526196,0.98763424,0.9937052388831968,0.98,0.9293369424420704,0.998985015123467
M7,QPQQTFQPQQPFQQPFQQPF,1,0.0,2.875,5.525000190734862,0.2,12.87658959346451,0.9413675,0.8865372263024652,0.98,0.7596483481079863,0.9985624255199668
M8,GQQGGFVQPQGFQPQGGFQPQGFQPQGFQPQAF,1,0.0606060606060606,3.578787878787878,5.525000190734862,0.1818181818181818,15.140120559276138,0.95443106,0.934903037865593,1.0,0.8287662910240008,0.9991032312814446
M9,PQQQQYQQPSYAQHGGYQGGYQPPY,1,0.04,2.572,7.144456672668457,0.2,12.690398693084717,0.9414394,0.9306621281937832,0.99,0.829152418000297,0.9348790554999556
RL1,QSHGHEAQSHGHEAQSHGHQVQSHGHQEQSHGH,1,0.0909090909090909,2.524242424242424,6.342685890197754,0.0,14.448526168333586,0.9737087,0.9747915571630286,0.99,0.8784937424077178,0.9999998621967
RL8,VHSAPVVHSAPVVHSAPVVHSAPVVHSAPV,1,0.5,5.266666666666667,7.1317247390747065,0.0,15.704113869085583,0.64881176,0.7528692411164426,0.72,0.7969776752523603,0.9994129139543134
RL4,GSGGGSGGSSGGSSGGSDGSY,1,0.0,3.7571428571428567,4.0500284194946286,0.0476190476190476,10.423459069189688,0.6770525,0.2893151174469271,0.81,0.3915984981463007,0.9935044548296816
IDR2,GSSSFGGSYGGIFGGGSFGGGSF,0,0.0434782608695652,4.726086956521739,5.524318122863768,0.217391304347826,10.77366636483067,0.35219026,0.1682445495926761,0.21,0.3984522299812111,0.028191723013905
IDR11,WHDEDDEAFDESPELKY,0,0.1176470588235294,2.658823529411765,4.0500284194946286,0.1764705882352941,10.301365554418444,0.52834374,0.5709075116788289,0.16,0.4902545001892509,0.0948494436127043
IDR12,FTVNSMSGFGMNRNQAF,0,0.2352941176470588,4.3,9.750021171569824,0.1764705882352941,9.78547895754897,0.19862607,0.2698046628732898,0.16,0.5948779854045996,0.0123595897346001
C1-1,IDHNPFAKGFRDNYDTIYTGCD,1,0.1363636363636363,3.586363636363636,4.747329139709472,0.1818181818181818,11.969793620521154,0.60174054,0.5946149333507235,0.88,0.5804532828488231,0.3745804798551211
C17/18-1,NSTLLYRRSSYRQKPYQQLESF,1,0.1363636363636363,3.1318181818181823,9.988812065124511,0.1818181818181818,12.337366289969864,0.84717894,0.8997019172012406,1.0,0.8512121105543318,0.9947389222139168
C14-2,QPQKMYPGEKAYECAKFEKIF,1,0.1904761904761904,3.4904761904761905,8.119486808776855,0.1904761904761904,12.054147785729612,0.6510731,0.7655214978337774,0.9,0.7649342699772141,0.7378086576250735
C11-2,DPKICYVCKKSFKSSYSVKLHY,1,0.1818181818181818,4.027272727272727,9.39389781951904,0.1818181818181818,12.341436837399367,0.63401973,0.7256461240134338,0.88,0.7882228384378235,0.9892503642996128
C2-1,TQNGVYSAANYTNGSFG,0,0.1764705882352941,3.9,5.184705162048339,0.1764705882352941,9.480356849508851,0.18503553,0.1723436392739333,0.22,0.3565034824743365,0.0911866064467945
C4-1,PLSSLFSLPTFSLLNWISSW,0,0.3,5.255,5.954987144470215,0.2,11.431857444332396,0.14752355,0.1369341193025756,0.04,0.4217953931843358,0.0010635999806151
C5-1,APGPLWPLPWGALAWAVG,0,0.4444444444444444,5.194444444444444,5.57001667022705,0.1666666666666666,11.09472999568677,0.101178035,0.106464342769116,0.06,0.3755559108185606,7.665892645722163e-05
Pep6-S,SMSSYAQSSYSGASYSQSSFQSSSY,0,0.12,3.772,5.239213752746582,0.2,11.98854923248291,0.6007855,0.5673363907144314,0.42,0.5915873539887297,0.5878917279864683
Pep6-A,AMAAYAQAAYAGAAYAQAAFQASAY,0,0.6000000000000001,5.02,5.566606330871582,0.2,11.911373138427734,0.09797371,0.1892561055389578,0.01,0.4608491593784157,0.0001260887112196
C2-2,QNLYNNPFNSMSYTSPY,0,0.1176470588235294,3.3705882352941177,5.522897148132324,0.2352941176470588,10.63808896664317,0.48496738,0.4805017628042335,0.22,0.5266357258990755,0.4737990184866554
C3-1,TSLQFIGSPYSLPYAVPPNF,0,0.25,4.71,5.184705162048339,0.2,12.767897057288629,0.34053832,0.3950287324735286,0.08,0.5563839348461783,0.092117248318414
C20-1,ANVHSWRRTYPCHYCNKVFALAEYRTRHE,0,0.2068965517241379,3.510344827586206,9.306349754333493,0.1724137931034483,14.01139893365081,0.8458325,0.935335311659966,0.29,0.8825805709057082,0.0889919639641916
C5-2,PLQQAYAVGQQYAGPAAYPAAY,0,0.4090909090909091,4.309090909090909,5.935832405090332,0.1818181818181818,11.888993254045506,0.22986756,0.3908163976567967,0.09,0.5607886548044457,0.12622656080189
New IDR3,NIQSWSNHSWNTQTWCTQSWNNQAW,0,0.08,3.0720000000000005,6.731919288635253,0.2,11.089756488800049,0.71226937,0.6980044827911878,0.36,0.6659277208193307,0.2936905298561849
New IDR2,QNPVIWPNPIVWPGPVVWPNPLAW,0,0.3333333333333333,4.591666666666667,5.525000190734862,0.1666666666666666,13.969645740645705,0.48187423,0.6316527057079664,0.17,0.6851657644617993,0.106348167571495
New IDR5,NNHGNFQGDSNFNRMWQPEWG,1,0.0476190476190476,2.7333333333333334,5.3206071853637695,0.1904761904761904,10.993156277467731,0.7716116,0.7166275615239833,0.81,0.6160667699867881,0.9679388895570236
C3-2,SPTATFQTGYGMGVPYPGSDY,0,0.1428571428571428,4.0095238095238095,4.0500284194946286,0.1904761904761904,11.83498237613952,0.45365104,0.4112537352128532,0.24,0.4835100091537348,0.0199661318216473
C6-1,TAAASYPMSYGQGGSYGQGY,1,0.2,3.92,5.184420967102049,0.2,10.65370674351378,0.267212,0.302606195614973,0.65,0.4487269617255379,0.3010275388325524
C21-1,SGNAFRQSFHHGEYRTHRTFVQHY,1,0.0833333333333333,3.154166666666667,9.976692008972169,0.2083333333333333,11.74015258944611,0.81984156,0.8573075105569501,0.88,0.8231646074087784,0.9994848250807136
IDR10,YKTATPPGYKPGSPPSFRTGTPPGY,1,0.04,3.3480000000000003,9.8232572555542,0.16,14.947097301483154,0.978737,0.975005962915588,0.98,0.9144611552617868,0.9939620097452998
RL1-W,QSHGHWAQSHGHWAQSHGHWVQSHGHQW,1,0.1071428571428571,2.9392857142857136,7.284337425231934,0.1428571428571428,12.039248893192129,0.85665536,0.8487412315002844,0.99,0.7730167192424934,0.81856809763465
RL8-Y,VHSAPYVHSAPYVHSAPYVHSAPYVHSAPY,1,0.3333333333333333,4.35,7.126211357116699,0.1666666666666666,14.99910865180046,0.7207784,0.8606722160942094,0.81,0.8269806925110882,0.982335709075926
New IDR4,PPRFMQDDFPPRHPFERPPYPHR,1,0.0434782608695652,2.6652173913043478,9.17122402191162,0.1739130434782608,15.636777590011269,0.9895,0.9919746477753634,0.96,0.9344131823298556,0.999734182013208
New IDR6,PGGSWGNINRYPGGSWGNIHLYPG,1,0.125,3.7083333333333335,9.00618495941162,0.1666666666666666,12.32226077690179,0.7841475,0.7858703074416991,0.98,0.7969777344076739,0.996868030143862
